{"materials":[{"id":"648","path":"Resources/unity_builtin_extra\\Default-Material","assetBundleId":"-2","data":["Default-Material",0,"60",2000,0,[["_Cutoff",0.5],["_Glossiness",0.5],["_GlossMapScale",1],["_SmoothnessTextureChannel",0],["_Metallic",0],["_SpecularHighlights",1],["_GlossyReflections",1],["_BumpScale",1],["_Parallax",0.0199999995529652],["_OcclusionStrength",1],["_DetailNormalMapScale",1],["_UVSec",0],["_Mode",0],["_SrcBlend",1],["_DstBlend",0],["_ZWrite",1]],[["_Color",1,1,1,1],["_EmissionColor",0,0,0,0.999999940395355]],[["_MainTex_ST",1,1,0,0],["_MetallicGlossMap_ST",1,1,0,0],["_BumpMap_ST",1,1,0,0],["_ParallaxMap_ST",1,1,0,0],["_OcclusionMap_ST",1,1,0,0],["_EmissionMap_ST",1,1,0,0],["_DetailMask_ST",1,1,0,0],["_DetailAlbedoMap_ST",1,1,0,0],["_DetailNormalMap_ST",1,1,0,0]],[["_MainTex",null,null],["_MetallicGlossMap",null,null],["_BumpMap",null,null],["_ParallaxMap",null,null],["_OcclusionMap",null,null],["_EmissionMap",null,null],["_DetailMask",null,null],["_DetailAlbedoMap",null,null],["_DetailNormalMap",null,null]],[]]},{"id":"658","path":"Resources/unity_builtin_extra\\Default-ParticleSystem","assetBundleId":"-2","data":["Default-ParticleSystem",0,"170",3000,0,[["_Cutoff",0.5],["_BumpScale",1],["_DistortionStrength",1],["_DistortionBlend",0.5],["_SoftParticlesNearFadeDistance",0],["_SoftParticlesFarFadeDistance",1],["_CameraNearFadeDistance",1],["_CameraFarFadeDistance",2],["_Mode",2],["_ColorMode",0],["_FlipbookMode",0],["_LightingEnabled",0],["_DistortionEnabled",0],["_EmissionEnabled",0],["_BlendOp",0],["_SrcBlend",5],["_DstBlend",10],["_ZWrite",0],["_Cull",2],["_SoftParticlesEnabled",0],["_CameraFadingEnabled",0],["_DistortionStrengthScaled",0]],[["_Color",1,1,1,1],["_EmissionColor",0,0,0,1]],[["_MainTex_ST",1,1,0,0],["_BumpMap_ST",1,1,0,0],["_EmissionMap_ST",1,1,0,0],["_SoftParticleFadeParams",0,0,0,0],["_CameraFadeParams",0,1e9999,0,0],["_ColorAddSubDiff",0,0,0,0]],[["_MainTex",1,"656"],["_BumpMap",null,null],["_EmissionMap",null,null]],[["_ALPHABLEND_ON",1]]]}],"shaders":[{"id":"142","assetBundleId":"-2","data":[[],"Skybox/Cubemap","0000000000000000f000000000000000",[],[[0,0,"",0,0,[4,null],[0,null],[0,null],[[1,null],[0,null],[0,null]],[[1,null],[0,null],[0,null]],[15,null],[0,null],[0,null],[0,null],[255,null],[255,null],[[0,null],[0,null],[0,null],[8,null]],[[0,null],[0,null],[0,null],[8,null]],[[0,null],[0,null],[0,null],[8,null]],[["QUEUE","Background"],["RENDERTYPE","Background"],["PREVIEWTYPE","Skybox"]],[],[],[[0,0,[],0,1,0]],[],0]],[],[["_Tint",0,0.5,0.5,0.5,0.5,""],["_Exposure",3,1,0,8,0,""],["_Rotation",3,0,0,360,0,""],["_Tex",4,0,0,0,0,"grey"]],null,null,0,0]},{"id":"170","assetBundleId":"-2","data":[[],"Particles/Standard Unlit","0000000000000000f000000000000000",["SHADOWS_DEPTH","_ALPHATEST_ON","_ALPHABLEND_ON","_ALPHAPREMULTIPLY_ON","_ALPHAMODULATE_ON","_COLOROVERLAY_ON","_COLORCOLOR_ON","_COLORADDSUBDIFF_ON","_REQUIRE_UV2","FOG_LINEAR","FOG_EXP","FOG_EXP2","_EMISSION","_NORMALMAP","_FADING_ON","EFFECT_BUMP"],[[0,0,"",0,0,[0,null],[0,null],[0,null],[[1,null],[0,null],[0,null]],[[1,null],[0,null],[0,null]],[15,null],[0,null],[0,null],[0,null],[0,null],[0,null],[[0,null],[0,null],[0,null],[0,null]],[[0,null],[0,null],[0,null],[0,null]],[[0,null],[0,null],[0,null],[0,null]],[["GRABPASS","true"],["GRABPASS_TEXTURE_NAME","_GrabTexture"]],[],[],[],[],0],[1,0,"ShadowCaster",8,0,[4,null],[1,null],[0,null],[[1,null],[0,null],[0,null]],[[1,null],[0,null],[0,null]],[14,null],[0,null],[0,null],[0,null],[255,null],[255,null],[[0,null],[0,null],[0,null],[8,null]],[[0,null],[0,null],[0,null],[8,null]],[[0,null],[0,null],[0,null],[8,null]],[["LIGHTMODE","SHADOWCASTER"],["IGNOREPROJECTOR","true"],["SHADOWSUPPORT","true"],["RENDERTYPE","Opaque"],["PREVIEWTYPE","Plane"],["PERFORMANCECHECKS","False"]],["SHADOWS_DEPTH","SHADOWS_CUBE","INSTANCING_ON","PROCEDURAL_INSTANCING_ON","_ALPHATEST_ON","_ALPHABLEND_ON","_ALPHAPREMULTIPLY_ON","_ALPHAMODULATE_ON","_COLOROVERLAY_ON","_COLORCOLOR_ON","_COLORADDSUBDIFF_ON","_REQUIRE_UV2"],[[["__","INSTANCING_ON","PROCEDURAL_INSTANCING_ON"],0],[["_","_ALPHATEST_ON","_ALPHABLEND_ON","_ALPHAPREMULTIPLY_ON","_ALPHAMODULATE_ON"],0],[["_","_COLOROVERLAY_ON","_COLORCOLOR_ON","_COLORADDSUBDIFF_ON"],0],[["_","_REQUIRE_UV2"],0],[["SHADOWS_DEPTH"],0],[["SHADOWS_CUBE"],0]],[[1,0,["SHADOWS_DEPTH"],2,3,0],[1,0,["SHADOWS_DEPTH","_ALPHABLEND_ON"],4,5,0]],[],0],[2,0,"",4,0,[4,null],[0,"_ZWrite"],[0,"_Cull"],[[0,"_SrcBlend"],[0,"_DstBlend"],[0,"_BlendOp"]],[[0,"_SrcBlend"],[0,"_DstBlend"],[0,"_BlendOp"]],[14,null],[0,null],[0,null],[0,null],[255,null],[255,null],[[0,null],[0,null],[0,null],[8,null]],[[0,null],[0,null],[0,null],[8,null]],[[0,null],[0,null],[0,null],[8,null]],[["LIGHTMODE","FORWARDBASE"],["IGNOREPROJECTOR","true"],["RENDERTYPE","Opaque"],["PREVIEWTYPE","Plane"],["PERFORMANCECHECKS","False"]],["FOG_LINEAR","FOG_EXP","FOG_EXP2","_EMISSION","SOFTPARTICLES_ON","INSTANCING_ON","PROCEDURAL_INSTANCING_ON","_ALPHATEST_ON","_ALPHABLEND_ON","_ALPHAPREMULTIPLY_ON","_ALPHAMODULATE_ON","_COLOROVERLAY_ON","_COLORCOLOR_ON","_COLORADDSUBDIFF_ON","_NORMALMAP","_FADING_ON","_REQUIRE_UV2","EFFECT_BUMP"],[[["__","INSTANCING_ON","PROCEDURAL_INSTANCING_ON"],0],[["_","_ALPHATEST_ON"],0],[["_","_REQUIRE_UV2"],0]],[[2,0,[],6,7,0],[2,0,["_ALPHABLEND_ON"],6,8,0]],[],0]],[],[["_MainTex",4,0,0,0,0,"white"],["_Color",0,1,1,1,1,""],["_Cutoff",3,0.5,0,1,0,""],["_BumpScale",2,1,0,0,0,""],["_BumpMap",4,0,0,0,0,"bump"],["_EmissionColor",0,0,0,0,1,""],["_EmissionMap",4,0,0,0,0,"white"],["_DistortionStrength",2,1,0,0,0,""],["_DistortionBlend",3,0.5,0,1,0,""],["_SoftParticlesNearFadeDistance",2,0,0,0,0,""],["_SoftParticlesFarFadeDistance",2,1,0,0,0,""],["_CameraNearFadeDistance",2,1,0,0,0,""],["_CameraFarFadeDistance",2,2,0,0,0,""],["_Mode",2,0,0,0,0,""],["_ColorMode",2,0,0,0,0,""],["_FlipbookMode",2,0,0,0,0,""],["_LightingEnabled",2,0,0,0,0,""],["_DistortionEnabled",2,0,0,0,0,""],["_EmissionEnabled",2,0,0,0,0,""],["_BlendOp",2,0,0,0,0,""],["_SrcBlend",2,1,0,0,0,""],["_DstBlend",2,0,0,0,0,""],["_ZWrite",2,1,0,0,0,""],["_Cull",2,2,0,0,0,""],["_SoftParticlesEnabled",2,0,0,0,0,""],["_CameraFadingEnabled",2,0,0,0,0,""],["_SoftParticleFadeParams",1,0,0,0,0,""],["_CameraFadeParams",1,0,0,0,0,""],["_ColorAddSubDiff",1,0,0,0,0,""],["_DistortionStrengthScaled",2,0,0,0,0,""]],0,"64",0,0]},{"id":"264","assetBundleId":"-2","data":[[],"Mobile/VertexLit","0000000000000000f000000000000000",["SPOT","POINT","FOG_LINEAR","FOG_EXP","FOG_EXP2","SHADOWS_DEPTH"],[[0,0,"",1,0,[4,null],[1,null],[2,null],[[1,null],[0,null],[0,null]],[[1,null],[0,null],[0,null]],[15,null],[0,null],[0,null],[0,null],[255,null],[255,null],[[0,null],[0,null],[0,null],[8,null]],[[0,null],[0,null],[0,null],[8,null]],[[0,null],[0,null],[0,null],[8,null]],[["LIGHTMODE","Vertex"],["RENDERTYPE","Opaque"]],["SPOT","POINT","FOG_LINEAR","FOG_EXP","FOG_EXP2"],[[["_","FOG_LINEAR","FOG_EXP","FOG_EXP2"],0],[["_","POINT","SPOT"],0]],[[0,0,[],9,10,0],[0,0,["POINT"],11,10,0],[0,0,["SPOT"],12,10,0]],[],0],[1,0,"",2,0,[4,null],[1,null],[2,null],[[1,null],[0,null],[0,null]],[[1,null],[0,null],[0,null]],[15,null],[0,null],[0,null],[0,null],[255,null],[255,null],[[0,null],[0,null],[0,null],[8,null]],[[0,null],[0,null],[0,null],[8,null]],[[0,null],[0,null],[0,null],[8,null]],[["LIGHTMODE","VertexLM"],["RENDERTYPE","Opaque"]],["FOG_LINEAR","FOG_EXP","FOG_EXP2"],[[["__","FOG_LINEAR","FOG_EXP","FOG_EXP2"],0]],[[1,0,[],13,14,0]],[],0],[2,0,"ShadowCaster",8,0,[4,null],[1,null],[0,null],[[1,null],[0,null],[0,null]],[[1,null],[0,null],[0,null]],[15,null],[0,null],[0,null],[0,null],[255,null],[255,null],[[0,null],[0,null],[0,null],[8,null]],[[0,null],[0,null],[0,null],[8,null]],[[0,null],[0,null],[0,null],[8,null]],[["LIGHTMODE","SHADOWCASTER"],["SHADOWSUPPORT","true"],["RENDERTYPE","Opaque"]],["SHADOWS_DEPTH","SHADOWS_CUBE"],[[["SHADOWS_DEPTH"],0],[["SHADOWS_CUBE"],0]],[[2,0,["SHADOWS_DEPTH"],2,3,0]],[],0]],[],[["_MainTex",4,0,0,0,0,"white"]],null,null,0,0]},{"id":"266","assetBundleId":"-2","data":[[],"Mobile/Diffuse","0000000000000000f000000000000000",["DIRECTIONAL","SHADOWS_SCREEN","LIGHTMAP_ON","DIRLIGHTMAP_COMBINED","LIGHTPROBE_SH","FOG_LINEAR","FOG_EXP","FOG_EXP2","VERTEXLIGHT_ON"],[[0,0,"FORWARD",4,0,[4,null],[1,null],[2,null],[[1,null],[0,null],[0,null]],[[1,null],[0,null],[0,null]],[15,null],[0,null],[0,null],[0,null],[255,null],[255,null],[[0,null],[0,null],[0,null],[8,null]],[[0,null],[0,null],[0,null],[8,null]],[[0,null],[0,null],[0,null],[8,null]],[["LIGHTMODE","FORWARDBASE"],["SHADOWSUPPORT","true"],["RENDERTYPE","Opaque"]],["DIRECTIONAL","SHADOWS_SCREEN","LIGHTMAP_ON","DIRLIGHTMAP_COMBINED","DYNAMICLIGHTMAP_ON","LIGHTMAP_SHADOW_MIXING","SHADOWS_SHADOWMASK","LIGHTPROBE_SH","FOG_LINEAR","FOG_EXP","FOG_EXP2","VERTEXLIGHT_ON","INSTANCING_ON"],[[["__","FOG_LINEAR","FOG_EXP","FOG_EXP2"],0],[["__","INSTANCING_ON"],0],[["DIRECTIONAL"],0],[["DIRECTIONAL","LIGHTPROBE_SH"],0],[["DIRECTIONAL","SHADOWS_SHADOWMASK","LIGHTPROBE_SH"],0],[["DIRECTIONAL","DYNAMICLIGHTMAP_ON"],0],[["DIRECTIONAL","LIGHTMAP_ON"],0],[["DIRECTIONAL","LIGHTMAP_ON","DYNAMICLIGHTMAP_ON"],0],[["DIRECTIONAL","LIGHTMAP_ON","LIGHTPROBE_SH"],0],[["DIRECTIONAL","LIGHTMAP_ON","LIGHTMAP_SHADOW_MIXING"],0],[["DIRECTIONAL","LIGHTMAP_ON","DYNAMICLIGHTMAP_ON","LIGHTMAP_SHADOW_MIXING"],0],[["DIRECTIONAL","LIGHTMAP_ON","LIGHTMAP_SHADOW_MIXING","LIGHTPROBE_SH"],0],[["DIRECTIONAL","DIRLIGHTMAP_COMBINED","DYNAMICLIGHTMAP_ON"],0],[["DIRECTIONAL","LIGHTMAP_ON","DIRLIGHTMAP_COMBINED"],0],[["DIRECTIONAL","LIGHTMAP_ON","DIRLIGHTMAP_COMBINED","LIGHTPROBE_SH"],0],[["DIRECTIONAL","LIGHTMAP_ON","DIRLIGHTMAP_COMBINED","DYNAMICLIGHTMAP_ON"],0],[["DIRECTIONAL","LIGHTMAP_ON","DIRLIGHTMAP_COMBINED","LIGHTMAP_SHADOW_MIXING"],0],[["DIRECTIONAL","LIGHTMAP_ON","DIRLIGHTMAP_COMBINED","LIGHTMAP_SHADOW_MIXING","LIGHTPROBE_SH"],0],[["DIRECTIONAL","LIGHTMAP_ON","DIRLIGHTMAP_COMBINED","DYNAMICLIGHTMAP_ON","LIGHTMAP_SHADOW_MIXING"],0],[["DIRECTIONAL","LIGHTMAP_ON","SHADOWS_SHADOWMASK"],0],[["DIRECTIONAL","LIGHTMAP_ON","DYNAMICLIGHTMAP_ON","SHADOWS_SHADOWMASK"],0],[["DIRECTIONAL","LIGHTMAP_ON","SHADOWS_SHADOWMASK","LIGHTPROBE_SH"],0],[["DIRECTIONAL","LIGHTMAP_ON","DIRLIGHTMAP_COMBINED","SHADOWS_SHADOWMASK"],0],[["DIRECTIONAL","LIGHTMAP_ON","DIRLIGHTMAP_COMBINED","DYNAMICLIGHTMAP_ON","SHADOWS_SHADOWMASK"],0],[["DIRECTIONAL","LIGHTMAP_ON","DIRLIGHTMAP_COMBINED","SHADOWS_SHADOWMASK","LIGHTPROBE_SH"],0],[["DIRECTIONAL","LIGHTMAP_ON","SHADOWS_SHADOWMASK","LIGHTMAP_SHADOW_MIXING"],0],[["DIRECTIONAL","LIGHTMAP_ON","DYNAMICLIGHTMAP_ON","SHADOWS_SHADOWMASK","LIGHTMAP_SHADOW_MIXING"],0],[["DIRECTIONAL","LIGHTMAP_ON","SHADOWS_SHADOWMASK","LIGHTMAP_SHADOW_MIXING","LIGHTPROBE_SH"],0],[["DIRECTIONAL","LIGHTMAP_ON","DIRLIGHTMAP_COMBINED","SHADOWS_SHADOWMASK","LIGHTMAP_SHADOW_MIXING"],0],[["DIRECTIONAL","LIGHTMAP_ON","DIRLIGHTMAP_COMBINED","DYNAMICLIGHTMAP_ON","SHADOWS_SHADOWMASK","LIGHTMAP_SHADOW_MIXING"],0],[["DIRECTIONAL","LIGHTMAP_ON","DIRLIGHTMAP_COMBINED","SHADOWS_SHADOWMASK","LIGHTMAP_SHADOW_MIXING","LIGHTPROBE_SH"],0],[["DIRECTIONAL","SHADOWS_SCREEN"],0],[["DIRECTIONAL","SHADOWS_SCREEN","LIGHTPROBE_SH"],0],[["DIRECTIONAL","DYNAMICLIGHTMAP_ON","SHADOWS_SCREEN"],0],[["DIRECTIONAL","SHADOWS_SCREEN","LIGHTMAP_SHADOW_MIXING","LIGHTPROBE_SH"],0],[["DIRECTIONAL","DYNAMICLIGHTMAP_ON","SHADOWS_SCREEN","LIGHTMAP_SHADOW_MIXING"],0],[["DIRECTIONAL","SHADOWS_SCREEN","SHADOWS_SHADOWMASK","LIGHTPROBE_SH"],0],[["DIRECTIONAL","DYNAMICLIGHTMAP_ON","SHADOWS_SCREEN","SHADOWS_SHADOWMASK"],0],[["DIRECTIONAL","SHADOWS_SCREEN","SHADOWS_SHADOWMASK","LIGHTMAP_SHADOW_MIXING","LIGHTPROBE_SH"],0],[["DIRECTIONAL","DYNAMICLIGHTMAP_ON","SHADOWS_SCREEN","SHADOWS_SHADOWMASK","LIGHTMAP_SHADOW_MIXING"],0],[["DIRECTIONAL","LIGHTMAP_ON","SHADOWS_SCREEN"],0],[["DIRECTIONAL","LIGHTMAP_ON","DYNAMICLIGHTMAP_ON","SHADOWS_SCREEN"],0],[["DIRECTIONAL","LIGHTMAP_ON","SHADOWS_SCREEN","LIGHTPROBE_SH"],0],[["DIRECTIONAL","LIGHTMAP_ON","SHADOWS_SCREEN","LIGHTMAP_SHADOW_MIXING"],0],[["DIRECTIONAL","LIGHTMAP_ON","DYNAMICLIGHTMAP_ON","SHADOWS_SCREEN","LIGHTMAP_SHADOW_MIXING"],0],[["DIRECTIONAL","LIGHTMAP_ON","SHADOWS_SCREEN","LIGHTMAP_SHADOW_MIXING","LIGHTPROBE_SH"],0],[["DIRECTIONAL","LIGHTMAP_ON","SHADOWS_SCREEN","SHADOWS_SHADOWMASK"],0],[["DIRECTIONAL","LIGHTMAP_ON","DYNAMICLIGHTMAP_ON","SHADOWS_SCREEN","SHADOWS_SHADOWMASK"],0],[["DIRECTIONAL","LIGHTMAP_ON","SHADOWS_SCREEN","SHADOWS_SHADOWMASK","LIGHTPROBE_SH"],0],[["DIRECTIONAL","LIGHTMAP_ON","SHADOWS_SCREEN","SHADOWS_SHADOWMASK","LIGHTMAP_SHADOW_MIXING"],0],[["DIRECTIONAL","LIGHTMAP_ON","DYNAMICLIGHTMAP_ON","SHADOWS_SCREEN","SHADOWS_SHADOWMASK","LIGHTMAP_SHADOW_MIXING"],0],[["DIRECTIONAL","LIGHTMAP_ON","SHADOWS_SCREEN","SHADOWS_SHADOWMASK","LIGHTMAP_SHADOW_MIXING","LIGHTPROBE_SH"],0],[["DIRECTIONAL","DIRLIGHTMAP_COMBINED","DYNAMICLIGHTMAP_ON","SHADOWS_SCREEN"],0],[["DIRECTIONAL","LIGHTMAP_ON","DIRLIGHTMAP_COMBINED","SHADOWS_SCREEN"],0],[["DIRECTIONAL","LIGHTMAP_ON","DIRLIGHTMAP_COMBINED","SHADOWS_SCREEN","LIGHTPROBE_SH"],0],[["DIRECTIONAL","LIGHTMAP_ON","DIRLIGHTMAP_COMBINED","DYNAMICLIGHTMAP_ON","SHADOWS_SCREEN"],0],[["DIRECTIONAL","LIGHTMAP_ON","DIRLIGHTMAP_COMBINED","SHADOWS_SCREEN","LIGHTMAP_SHADOW_MIXING"],0],[["DIRECTIONAL","LIGHTMAP_ON","DIRLIGHTMAP_COMBINED","SHADOWS_SCREEN","LIGHTMAP_SHADOW_MIXING","LIGHTPROBE_SH"],0],[["DIRECTIONAL","LIGHTMAP_ON","DIRLIGHTMAP_COMBINED","DYNAMICLIGHTMAP_ON","SHADOWS_SCREEN","LIGHTMAP_SHADOW_MIXING"],0],[["DIRECTIONAL","LIGHTMAP_ON","DIRLIGHTMAP_COMBINED","SHADOWS_SCREEN","SHADOWS_SHADOWMASK"],0],[["DIRECTIONAL","LIGHTMAP_ON","DIRLIGHTMAP_COMBINED","SHADOWS_SCREEN","SHADOWS_SHADOWMASK","LIGHTPROBE_SH"],0],[["DIRECTIONAL","LIGHTMAP_ON","DIRLIGHTMAP_COMBINED","DYNAMICLIGHTMAP_ON","SHADOWS_SCREEN","SHADOWS_SHADOWMASK"],0],[["DIRECTIONAL","LIGHTMAP_ON","DIRLIGHTMAP_COMBINED","SHADOWS_SCREEN","SHADOWS_SHADOWMASK","LIGHTMAP_SHADOW_MIXING"],0],[["DIRECTIONAL","LIGHTMAP_ON","DIRLIGHTMAP_COMBINED","SHADOWS_SCREEN","SHADOWS_SHADOWMASK","LIGHTMAP_SHADOW_MIXING","LIGHTPROBE_SH"],0],[["DIRECTIONAL","LIGHTMAP_ON","DIRLIGHTMAP_COMBINED","DYNAMICLIGHTMAP_ON","SHADOWS_SCREEN","SHADOWS_SHADOWMASK","LIGHTMAP_SHADOW_MIXING"],0],[["DIRECTIONAL","VERTEXLIGHT_ON"],0],[["DIRECTIONAL","VERTEXLIGHT_ON","LIGHTPROBE_SH"],0],[["DIRECTIONAL","VERTEXLIGHT_ON","DYNAMICLIGHTMAP_ON"],0],[["DIRECTIONAL","VERTEXLIGHT_ON","DIRLIGHTMAP_COMBINED","DYNAMICLIGHTMAP_ON"],0],[["DIRECTIONAL","VERTEXLIGHT_ON","SHADOWS_SCREEN"],0],[["DIRECTIONAL","VERTEXLIGHT_ON","SHADOWS_SCREEN","LIGHTPROBE_SH"],0],[["DIRECTIONAL","VERTEXLIGHT_ON","DYNAMICLIGHTMAP_ON","SHADOWS_SCREEN"],0],[["DIRECTIONAL","VERTEXLIGHT_ON","DIRLIGHTMAP_COMBINED","DYNAMICLIGHTMAP_ON","SHADOWS_SCREEN"],0],[["DIRECTIONAL","VERTEXLIGHT_ON","SHADOWS_SCREEN","LIGHTMAP_SHADOW_MIXING"],0],[["DIRECTIONAL","VERTEXLIGHT_ON","SHADOWS_SCREEN","LIGHTMAP_SHADOW_MIXING","LIGHTPROBE_SH"],0],[["DIRECTIONAL","VERTEXLIGHT_ON","DYNAMICLIGHTMAP_ON","SHADOWS_SCREEN","LIGHTMAP_SHADOW_MIXING"],0],[["DIRECTIONAL","VERTEXLIGHT_ON","DIRLIGHTMAP_COMBINED","DYNAMICLIGHTMAP_ON","SHADOWS_SCREEN","LIGHTMAP_SHADOW_MIXING"],0],[["DIRECTIONAL","VERTEXLIGHT_ON","SHADOWS_SCREEN","SHADOWS_SHADOWMASK"],0],[["DIRECTIONAL","VERTEXLIGHT_ON","SHADOWS_SCREEN","SHADOWS_SHADOWMASK","LIGHTPROBE_SH"],0],[["DIRECTIONAL","VERTEXLIGHT_ON","DYNAMICLIGHTMAP_ON","SHADOWS_SCREEN","SHADOWS_SHADOWMASK"],0],[["DIRECTIONAL","VERTEXLIGHT_ON","DIRLIGHTMAP_COMBINED","DYNAMICLIGHTMAP_ON","SHADOWS_SCREEN","SHADOWS_SHADOWMASK"],0],[["DIRECTIONAL","VERTEXLIGHT_ON","SHADOWS_SCREEN","SHADOWS_SHADOWMASK","LIGHTMAP_SHADOW_MIXING"],0],[["DIRECTIONAL","VERTEXLIGHT_ON","SHADOWS_SCREEN","SHADOWS_SHADOWMASK","LIGHTMAP_SHADOW_MIXING","LIGHTPROBE_SH"],0],[["DIRECTIONAL","VERTEXLIGHT_ON","DYNAMICLIGHTMAP_ON","SHADOWS_SCREEN","SHADOWS_SHADOWMASK","LIGHTMAP_SHADOW_MIXING"],0],[["DIRECTIONAL","VERTEXLIGHT_ON","DIRLIGHTMAP_COMBINED","DYNAMICLIGHTMAP_ON","SHADOWS_SCREEN","SHADOWS_SHADOWMASK","LIGHTMAP_SHADOW_MIXING"],0]],[[0,0,["DIRECTIONAL"],15,16,0],[0,0,["DIRECTIONAL","LIGHTPROBE_SH"],17,18,0],[0,0,["DIRECTIONAL","SHADOWS_SCREEN"],19,20,0],[0,0,["DIRECTIONAL","VERTEXLIGHT_ON"],15,16,0],[0,0,["DIRECTIONAL","LIGHTPROBE_SH","SHADOWS_SCREEN"],21,22,0],[0,0,["DIRECTIONAL","LIGHTPROBE_SH","VERTEXLIGHT_ON"],23,18,0],[0,0,["DIRECTIONAL","SHADOWS_SCREEN","VERTEXLIGHT_ON"],19,20,0],[0,0,["DIRECTIONAL","LIGHTPROBE_SH","SHADOWS_SCREEN","VERTEXLIGHT_ON"],24,22,0]],[],0]],[],[["_MainTex",4,0,0,0,0,"white"]],0,"264",0,0]},{"id":"278","assetBundleId":"-2","data":[[],"Mobile/Particles/Additive","0000000000000000f000000000000000",["FOG_LINEAR","FOG_EXP","FOG_EXP2"],[[0,0,"",0,0,[4,null],[0,null],[0,null],[[5,null],[1,null],[0,null]],[[5,null],[1,null],[0,null]],[15,null],[0,null],[0,null],[0,null],[255,null],[255,null],[[0,null],[0,null],[0,null],[8,null]],[[0,null],[0,null],[0,null],[8,null]],[[0,null],[0,null],[0,null],[8,null]],[["QUEUE","Transparent"],["IGNOREPROJECTOR","true"],["RENDERTYPE","Transparent"],["PREVIEWTYPE","Plane"]],["FOG_LINEAR","FOG_EXP","FOG_EXP2"],[[["_","FOG_LINEAR","FOG_EXP","FOG_EXP2"],0]],[[0,0,[],25,26,0]],[],0]],[],[["_MainTex",4,0,0,0,0,"white"]],null,null,0,0]},{"id":"286","assetBundleId":"-2","data":[[],"Unlit/Transparent","0000000000000000f000000000000000",["FOG_LINEAR","FOG_EXP","FOG_EXP2"],[[0,0,"",0,0,[4,null],[0,null],[2,null],[[5,null],[10,null],[0,null]],[[5,null],[10,null],[0,null]],[15,null],[0,null],[0,null],[0,null],[255,null],[255,null],[[0,null],[0,null],[0,null],[8,null]],[[0,null],[0,null],[0,null],[8,null]],[[0,null],[0,null],[0,null],[8,null]],[["QUEUE","Transparent"],["IGNOREPROJECTOR","true"],["RENDERTYPE","Transparent"]],["FOG_LINEAR","FOG_EXP","FOG_EXP2"],[[["__","FOG_LINEAR","FOG_EXP","FOG_EXP2"],0]],[[0,0,[],27,28,0]],[],0]],[],[["_MainTex",4,0,0,0,0,"white"]],null,null,0,0]},{"id":"30","assetBundleId":"-2","data":[[],"UI/Default","0000000000000000f000000000000000",["UNITY_UI_CLIP_RECT","UNITY_UI_ALPHACLIP"],[[0,0,"Default",0,0,[0,"unity_GUIZTestMode"],[0,null],[0,null],[[5,null],[10,null],[0,null]],[[5,null],[10,null],[0,null]],[0,"_ColorMask"],[0,null],[0,null],[0,"_Stencil"],[0,"_StencilReadMask"],[0,"_StencilWriteMask"],[[0,"_StencilOp"],[0,null],[0,null],[0,"_StencilComp"]],[[0,null],[0,null],[0,null],[8,null]],[[0,null],[0,null],[0,null],[8,null]],[["QUEUE","Transparent"],["IGNOREPROJECTOR","true"],["RENDERTYPE","Transparent"],["CANUSESPRITEATLAS","true"],["PREVIEWTYPE","Plane"]],["UNITY_UI_CLIP_RECT","UNITY_UI_ALPHACLIP"],[[["_","UNITY_UI_CLIP_RECT"],0],[["_","UNITY_UI_ALPHACLIP"],0]],[[0,0,[],29,30,0],[0,0,["UNITY_UI_ALPHACLIP"],29,31,0],[0,0,["UNITY_UI_CLIP_RECT"],29,32,0],[0,0,["UNITY_UI_ALPHACLIP","UNITY_UI_CLIP_RECT"],29,33,0]],[],0]],[],[["_MainTex",4,0,0,0,0,"white"],["_Color",0,1,1,1,1,""],["_StencilComp",2,8,0,0,0,""],["_Stencil",2,0,0,0,0,""],["_StencilOp",2,0,0,0,0,""],["_StencilWriteMask",2,255,0,0,0,""],["_StencilReadMask",2,255,0,0,0,""],["_ColorMask",2,15,0,0,0,""],["_UseUIAlphaClip",2,0,0,0,0,""]],null,null,0,0]},{"id":"8","assetBundleId":"-2","data":[[],"Hidden/Internal-ScreenSpaceShadows","0000000000000000f000000000000000",["SHADOWS_SPLIT_SPHERES","SHADOWS_SINGLE_CASCADE"],[[0,0,"",0,0,[8,null],[0,null],[0,null],[[1,null],[0,null],[0,null]],[[1,null],[0,null],[0,null]],[15,null],[0,null],[0,null],[0,null],[255,null],[255,null],[[0,null],[0,null],[0,null],[8,null]],[[0,null],[0,null],[0,null],[8,null]],[[0,null],[0,null],[0,null],[8,null]],[["SHADOWMAPFILTER","HardShadow"]],["SHADOWS_SPLIT_SPHERES","SHADOWS_SINGLE_CASCADE"],[[[],0],[["SHADOWS_SPLIT_SPHERES"],0],[["SHADOWS_SINGLE_CASCADE"],0],[["SHADOWS_SPLIT_SPHERES","SHADOWS_SINGLE_CASCADE"],0]],[[0,0,[],104,105,1],[0,0,["SHADOWS_SPLIT_SPHERES"],104,106,1],[0,0,["SHADOWS_SINGLE_CASCADE"],104,107,1],[0,0,["SHADOWS_SINGLE_CASCADE","SHADOWS_SPLIT_SPHERES"],104,107,1]],[],1],[0,2,"",0,0,[8,null],[0,null],[0,null],[[1,null],[0,null],[0,null]],[[1,null],[0,null],[0,null]],[15,null],[0,null],[0,null],[0,null],[255,null],[255,null],[[0,null],[0,null],[0,null],[8,null]],[[0,null],[0,null],[0,null],[8,null]],[[0,null],[0,null],[0,null],[8,null]],[["SHADOWMAPFILTER","PCF_SOFT"]],["SHADOWS_SPLIT_SPHERES","SHADOWS_SINGLE_CASCADE"],[[[],0],[["SHADOWS_SPLIT_SPHERES"],0],[["SHADOWS_SINGLE_CASCADE"],0],[["SHADOWS_SPLIT_SPHERES","SHADOWS_SINGLE_CASCADE"],0]],[[0,2,[],104,108,1],[0,2,["SHADOWS_SPLIT_SPHERES"],104,109,1],[0,2,["SHADOWS_SINGLE_CASCADE"],104,110,1],[0,2,["SHADOWS_SINGLE_CASCADE","SHADOWS_SPLIT_SPHERES"],104,110,1]],[],1],[0,0,"",0,0,[8,null],[0,null],[0,null],[[1,null],[0,null],[0,null]],[[1,null],[0,null],[0,null]],[15,null],[0,null],[0,null],[0,null],[255,null],[255,null],[[0,null],[0,null],[0,null],[8,null]],[[0,null],[0,null],[0,null],[8,null]],[[0,null],[0,null],[0,null],[8,null]],[["SHADOWMAPFILTER","HardShadow"]],["SHADOWS_SPLIT_SPHERES","SHADOWS_SINGLE_CASCADE"],[[[],0],[["SHADOWS_SPLIT_SPHERES"],0],[["SHADOWS_SINGLE_CASCADE"],0],[["SHADOWS_SPLIT_SPHERES","SHADOWS_SINGLE_CASCADE"],0]],[[0,0,[],104,105,1],[0,0,["SHADOWS_SPLIT_SPHERES"],104,106,1],[0,0,["SHADOWS_SINGLE_CASCADE"],104,107,1],[0,0,["SHADOWS_SINGLE_CASCADE","SHADOWS_SPLIT_SPHERES"],104,107,1]],[],1]],[],[["_ShadowMapTexture",4,0,0,0,0,""],["_ODSWorldTexture",4,0,0,0,0,""]],null,null,1,0]},{"id":"60","assetBundleId":"-2","data":[[],"Standard","0000000000000000f000000000000000",["DIRECTIONAL","SHADOWS_SCREEN","LIGHTMAP_ON","DIRLIGHTMAP_COMBINED","LIGHTPROBE_SH","FOG_LINEAR","FOG_EXP","FOG_EXP2","_EMISSION","VERTEXLIGHT_ON","_NORMALMAP","_ALPHATEST_ON","_ALPHABLEND_ON","_ALPHAPREMULTIPLY_ON","_METALLICGLOSSMAP","_DETAIL_MULX2","_SMOOTHNESS_TEXTURE_ALBEDO_CHANNEL_A","_SPECULARHIGHLIGHTS_OFF","_GLOSSYREFLECTIONS_OFF","_PARALLAXMAP","SPOT","DIRECTIONAL_COOKIE","POINT","POINT_COOKIE","SHADOWS_DEPTH"],[[0,0,"FORWARD",4,0,[4,null],[0,"_ZWrite"],[2,null],[[0,"_SrcBlend"],[0,"_DstBlend"],[0,null]],[[0,"_SrcBlend"],[0,"_DstBlend"],[0,null]],[15,null],[0,null],[0,null],[0,null],[255,null],[255,null],[[0,null],[0,null],[0,null],[8,null]],[[0,null],[0,null],[0,null],[8,null]],[[0,null],[0,null],[0,null],[8,null]],[["LIGHTMODE","FORWARDBASE"],["SHADOWSUPPORT","true"],["RENDERTYPE","Opaque"],["PERFORMANCECHECKS","False"]],["DIRECTIONAL","SHADOWS_SCREEN","LIGHTMAP_ON","DIRLIGHTMAP_COMBINED","DYNAMICLIGHTMAP_ON","LIGHTMAP_SHADOW_MIXING","SHADOWS_SHADOWMASK","LIGHTPROBE_SH","FOG_LINEAR","FOG_EXP","FOG_EXP2","_EMISSION","VERTEXLIGHT_ON","INSTANCING_ON","_NORMALMAP","_ALPHATEST_ON","_ALPHABLEND_ON","_ALPHAPREMULTIPLY_ON","_METALLICGLOSSMAP","_DETAIL_MULX2","_SMOOTHNESS_TEXTURE_ALBEDO_CHANNEL_A","_SPECULARHIGHLIGHTS_OFF","_GLOSSYREFLECTIONS_OFF","_PARALLAXMAP"],[[["_","_EMISSION"],0],[["__","FOG_LINEAR","FOG_EXP","FOG_EXP2"],0],[["__","INSTANCING_ON"],0],[["_","_NORMALMAP"],0],[["_","_ALPHATEST_ON","_ALPHABLEND_ON","_ALPHAPREMULTIPLY_ON"],0],[["_","_METALLICGLOSSMAP"],0],[["_","_DETAIL_MULX2"],0],[["_","_SMOOTHNESS_TEXTURE_ALBEDO_CHANNEL_A"],0],[["_","_SPECULARHIGHLIGHTS_OFF"],0],[["_","_GLOSSYREFLECTIONS_OFF"],0],[["_","_PARALLAXMAP"],0],[["DIRECTIONAL"],0],[["DIRECTIONAL","LIGHTPROBE_SH"],0],[["DIRECTIONAL","SHADOWS_SHADOWMASK","LIGHTPROBE_SH"],0],[["DIRECTIONAL","DYNAMICLIGHTMAP_ON"],0],[["DIRECTIONAL","LIGHTMAP_ON"],0],[["DIRECTIONAL","LIGHTMAP_ON","DYNAMICLIGHTMAP_ON"],0],[["DIRECTIONAL","LIGHTMAP_ON","LIGHTPROBE_SH"],0],[["DIRECTIONAL","LIGHTMAP_ON","LIGHTMAP_SHADOW_MIXING"],0],[["DIRECTIONAL","LIGHTMAP_ON","DYNAMICLIGHTMAP_ON","LIGHTMAP_SHADOW_MIXING"],0],[["DIRECTIONAL","LIGHTMAP_ON","LIGHTMAP_SHADOW_MIXING","LIGHTPROBE_SH"],0],[["DIRECTIONAL","DIRLIGHTMAP_COMBINED","DYNAMICLIGHTMAP_ON"],0],[["DIRECTIONAL","LIGHTMAP_ON","DIRLIGHTMAP_COMBINED"],0],[["DIRECTIONAL","LIGHTMAP_ON","DIRLIGHTMAP_COMBINED","LIGHTPROBE_SH"],0],[["DIRECTIONAL","LIGHTMAP_ON","DIRLIGHTMAP_COMBINED","DYNAMICLIGHTMAP_ON"],0],[["DIRECTIONAL","LIGHTMAP_ON","DIRLIGHTMAP_COMBINED","LIGHTMAP_SHADOW_MIXING"],0],[["DIRECTIONAL","LIGHTMAP_ON","DIRLIGHTMAP_COMBINED","LIGHTMAP_SHADOW_MIXING","LIGHTPROBE_SH"],0],[["DIRECTIONAL","LIGHTMAP_ON","DIRLIGHTMAP_COMBINED","DYNAMICLIGHTMAP_ON","LIGHTMAP_SHADOW_MIXING"],0],[["DIRECTIONAL","LIGHTMAP_ON","SHADOWS_SHADOWMASK"],0],[["DIRECTIONAL","LIGHTMAP_ON","DYNAMICLIGHTMAP_ON","SHADOWS_SHADOWMASK"],0],[["DIRECTIONAL","LIGHTMAP_ON","SHADOWS_SHADOWMASK","LIGHTPROBE_SH"],0],[["DIRECTIONAL","LIGHTMAP_ON","DIRLIGHTMAP_COMBINED","SHADOWS_SHADOWMASK"],0],[["DIRECTIONAL","LIGHTMAP_ON","DIRLIGHTMAP_COMBINED","DYNAMICLIGHTMAP_ON","SHADOWS_SHADOWMASK"],0],[["DIRECTIONAL","LIGHTMAP_ON","DIRLIGHTMAP_COMBINED","SHADOWS_SHADOWMASK","LIGHTPROBE_SH"],0],[["DIRECTIONAL","LIGHTMAP_ON","SHADOWS_SHADOWMASK","LIGHTMAP_SHADOW_MIXING"],0],[["DIRECTIONAL","LIGHTMAP_ON","DYNAMICLIGHTMAP_ON","SHADOWS_SHADOWMASK","LIGHTMAP_SHADOW_MIXING"],0],[["DIRECTIONAL","LIGHTMAP_ON","SHADOWS_SHADOWMASK","LIGHTMAP_SHADOW_MIXING","LIGHTPROBE_SH"],0],[["DIRECTIONAL","LIGHTMAP_ON","DIRLIGHTMAP_COMBINED","SHADOWS_SHADOWMASK","LIGHTMAP_SHADOW_MIXING"],0],[["DIRECTIONAL","LIGHTMAP_ON","DIRLIGHTMAP_COMBINED","DYNAMICLIGHTMAP_ON","SHADOWS_SHADOWMASK","LIGHTMAP_SHADOW_MIXING"],0],[["DIRECTIONAL","LIGHTMAP_ON","DIRLIGHTMAP_COMBINED","SHADOWS_SHADOWMASK","LIGHTMAP_SHADOW_MIXING","LIGHTPROBE_SH"],0],[["DIRECTIONAL","SHADOWS_SCREEN"],0],[["DIRECTIONAL","SHADOWS_SCREEN","LIGHTPROBE_SH"],0],[["DIRECTIONAL","DYNAMICLIGHTMAP_ON","SHADOWS_SCREEN"],0],[["DIRECTIONAL","SHADOWS_SCREEN","LIGHTMAP_SHADOW_MIXING","LIGHTPROBE_SH"],0],[["DIRECTIONAL","DYNAMICLIGHTMAP_ON","SHADOWS_SCREEN","LIGHTMAP_SHADOW_MIXING"],0],[["DIRECTIONAL","SHADOWS_SCREEN","SHADOWS_SHADOWMASK","LIGHTPROBE_SH"],0],[["DIRECTIONAL","DYNAMICLIGHTMAP_ON","SHADOWS_SCREEN","SHADOWS_SHADOWMASK"],0],[["DIRECTIONAL","SHADOWS_SCREEN","SHADOWS_SHADOWMASK","LIGHTMAP_SHADOW_MIXING","LIGHTPROBE_SH"],0],[["DIRECTIONAL","DYNAMICLIGHTMAP_ON","SHADOWS_SCREEN","SHADOWS_SHADOWMASK","LIGHTMAP_SHADOW_MIXING"],0],[["DIRECTIONAL","LIGHTMAP_ON","SHADOWS_SCREEN"],0],[["DIRECTIONAL","LIGHTMAP_ON","DYNAMICLIGHTMAP_ON","SHADOWS_SCREEN"],0],[["DIRECTIONAL","LIGHTMAP_ON","SHADOWS_SCREEN","LIGHTPROBE_SH"],0],[["DIRECTIONAL","LIGHTMAP_ON","SHADOWS_SCREEN","LIGHTMAP_SHADOW_MIXING"],0],[["DIRECTIONAL","LIGHTMAP_ON","DYNAMICLIGHTMAP_ON","SHADOWS_SCREEN","LIGHTMAP_SHADOW_MIXING"],0],[["DIRECTIONAL","LIGHTMAP_ON","SHADOWS_SCREEN","LIGHTMAP_SHADOW_MIXING","LIGHTPROBE_SH"],0],[["DIRECTIONAL","LIGHTMAP_ON","SHADOWS_SCREEN","SHADOWS_SHADOWMASK"],0],[["DIRECTIONAL","LIGHTMAP_ON","DYNAMICLIGHTMAP_ON","SHADOWS_SCREEN","SHADOWS_SHADOWMASK"],0],[["DIRECTIONAL","LIGHTMAP_ON","SHADOWS_SCREEN","SHADOWS_SHADOWMASK","LIGHTPROBE_SH"],0],[["DIRECTIONAL","LIGHTMAP_ON","SHADOWS_SCREEN","SHADOWS_SHADOWMASK","LIGHTMAP_SHADOW_MIXING"],0],[["DIRECTIONAL","LIGHTMAP_ON","DYNAMICLIGHTMAP_ON","SHADOWS_SCREEN","SHADOWS_SHADOWMASK","LIGHTMAP_SHADOW_MIXING"],0],[["DIRECTIONAL","LIGHTMAP_ON","SHADOWS_SCREEN","SHADOWS_SHADOWMASK","LIGHTMAP_SHADOW_MIXING","LIGHTPROBE_SH"],0],[["DIRECTIONAL","DIRLIGHTMAP_COMBINED","DYNAMICLIGHTMAP_ON","SHADOWS_SCREEN"],0],[["DIRECTIONAL","LIGHTMAP_ON","DIRLIGHTMAP_COMBINED","SHADOWS_SCREEN"],0],[["DIRECTIONAL","LIGHTMAP_ON","DIRLIGHTMAP_COMBINED","SHADOWS_SCREEN","LIGHTPROBE_SH"],0],[["DIRECTIONAL","LIGHTMAP_ON","DIRLIGHTMAP_COMBINED","DYNAMICLIGHTMAP_ON","SHADOWS_SCREEN"],0],[["DIRECTIONAL","LIGHTMAP_ON","DIRLIGHTMAP_COMBINED","SHADOWS_SCREEN","LIGHTMAP_SHADOW_MIXING"],0],[["DIRECTIONAL","LIGHTMAP_ON","DIRLIGHTMAP_COMBINED","SHADOWS_SCREEN","LIGHTMAP_SHADOW_MIXING","LIGHTPROBE_SH"],0],[["DIRECTIONAL","LIGHTMAP_ON","DIRLIGHTMAP_COMBINED","DYNAMICLIGHTMAP_ON","SHADOWS_SCREEN","LIGHTMAP_SHADOW_MIXING"],0],[["DIRECTIONAL","LIGHTMAP_ON","DIRLIGHTMAP_COMBINED","SHADOWS_SCREEN","SHADOWS_SHADOWMASK"],0],[["DIRECTIONAL","LIGHTMAP_ON","DIRLIGHTMAP_COMBINED","SHADOWS_SCREEN","SHADOWS_SHADOWMASK","LIGHTPROBE_SH"],0],[["DIRECTIONAL","LIGHTMAP_ON","DIRLIGHTMAP_COMBINED","DYNAMICLIGHTMAP_ON","SHADOWS_SCREEN","SHADOWS_SHADOWMASK"],0],[["DIRECTIONAL","LIGHTMAP_ON","DIRLIGHTMAP_COMBINED","SHADOWS_SCREEN","SHADOWS_SHADOWMASK","LIGHTMAP_SHADOW_MIXING"],0],[["DIRECTIONAL","LIGHTMAP_ON","DIRLIGHTMAP_COMBINED","SHADOWS_SCREEN","SHADOWS_SHADOWMASK","LIGHTMAP_SHADOW_MIXING","LIGHTPROBE_SH"],0],[["DIRECTIONAL","LIGHTMAP_ON","DIRLIGHTMAP_COMBINED","DYNAMICLIGHTMAP_ON","SHADOWS_SCREEN","SHADOWS_SHADOWMASK","LIGHTMAP_SHADOW_MIXING"],0],[["DIRECTIONAL","VERTEXLIGHT_ON"],0],[["DIRECTIONAL","VERTEXLIGHT_ON","LIGHTPROBE_SH"],0],[["DIRECTIONAL","VERTEXLIGHT_ON","DYNAMICLIGHTMAP_ON"],0],[["DIRECTIONAL","VERTEXLIGHT_ON","DIRLIGHTMAP_COMBINED","DYNAMICLIGHTMAP_ON"],0],[["DIRECTIONAL","VERTEXLIGHT_ON","SHADOWS_SCREEN"],0],[["DIRECTIONAL","VERTEXLIGHT_ON","SHADOWS_SCREEN","LIGHTPROBE_SH"],0],[["DIRECTIONAL","VERTEXLIGHT_ON","DYNAMICLIGHTMAP_ON","SHADOWS_SCREEN"],0],[["DIRECTIONAL","VERTEXLIGHT_ON","DIRLIGHTMAP_COMBINED","DYNAMICLIGHTMAP_ON","SHADOWS_SCREEN"],0],[["DIRECTIONAL","VERTEXLIGHT_ON","SHADOWS_SCREEN","LIGHTMAP_SHADOW_MIXING"],0],[["DIRECTIONAL","VERTEXLIGHT_ON","SHADOWS_SCREEN","LIGHTMAP_SHADOW_MIXING","LIGHTPROBE_SH"],0],[["DIRECTIONAL","VERTEXLIGHT_ON","DYNAMICLIGHTMAP_ON","SHADOWS_SCREEN","LIGHTMAP_SHADOW_MIXING"],0],[["DIRECTIONAL","VERTEXLIGHT_ON","DIRLIGHTMAP_COMBINED","DYNAMICLIGHTMAP_ON","SHADOWS_SCREEN","LIGHTMAP_SHADOW_MIXING"],0],[["DIRECTIONAL","VERTEXLIGHT_ON","SHADOWS_SCREEN","SHADOWS_SHADOWMASK"],0],[["DIRECTIONAL","VERTEXLIGHT_ON","SHADOWS_SCREEN","SHADOWS_SHADOWMASK","LIGHTPROBE_SH"],0],[["DIRECTIONAL","VERTEXLIGHT_ON","DYNAMICLIGHTMAP_ON","SHADOWS_SCREEN","SHADOWS_SHADOWMASK"],0],[["DIRECTIONAL","VERTEXLIGHT_ON","DIRLIGHTMAP_COMBINED","DYNAMICLIGHTMAP_ON","SHADOWS_SCREEN","SHADOWS_SHADOWMASK"],0],[["DIRECTIONAL","VERTEXLIGHT_ON","SHADOWS_SCREEN","SHADOWS_SHADOWMASK","LIGHTMAP_SHADOW_MIXING"],0],[["DIRECTIONAL","VERTEXLIGHT_ON","SHADOWS_SCREEN","SHADOWS_SHADOWMASK","LIGHTMAP_SHADOW_MIXING","LIGHTPROBE_SH"],0],[["DIRECTIONAL","VERTEXLIGHT_ON","DYNAMICLIGHTMAP_ON","SHADOWS_SCREEN","SHADOWS_SHADOWMASK","LIGHTMAP_SHADOW_MIXING"],0],[["DIRECTIONAL","VERTEXLIGHT_ON","DIRLIGHTMAP_COMBINED","DYNAMICLIGHTMAP_ON","SHADOWS_SCREEN","SHADOWS_SHADOWMASK","LIGHTMAP_SHADOW_MIXING"],0]],[[0,0,["DIRECTIONAL"],34,35,0],[0,0,["DIRECTIONAL","LIGHTPROBE_SH"],36,37,0],[0,0,["DIRECTIONAL","SHADOWS_SCREEN"],38,39,0],[0,0,["DIRECTIONAL","VERTEXLIGHT_ON"],34,35,0],[0,0,["DIRECTIONAL","LIGHTPROBE_SH","SHADOWS_SCREEN"],40,41,0],[0,0,["DIRECTIONAL","LIGHTPROBE_SH","VERTEXLIGHT_ON"],42,37,0],[0,0,["DIRECTIONAL","SHADOWS_SCREEN","VERTEXLIGHT_ON"],38,39,0],[0,0,["DIRECTIONAL","LIGHTPROBE_SH","SHADOWS_SCREEN","VERTEXLIGHT_ON"],43,41,0]],[],0],[1,0,"FORWARD_DELTA",5,0,[4,null],[0,null],[2,null],[[0,"_SrcBlend"],[1,null],[0,null]],[[0,"_SrcBlend"],[1,null],[0,null]],[15,null],[0,null],[0,null],[0,null],[255,null],[255,null],[[0,null],[0,null],[0,null],[8,null]],[[0,null],[0,null],[0,null],[8,null]],[[0,null],[0,null],[0,null],[8,null]],[["LIGHTMODE","FORWARDADD"],["SHADOWSUPPORT","true"],["RENDERTYPE","Opaque"],["PERFORMANCECHECKS","False"]],["SPOT","DIRECTIONAL","DIRECTIONAL_COOKIE","POINT","POINT_COOKIE","SHADOWS_DEPTH","SHADOWS_SCREEN","SHADOWS_CUBE","SHADOWS_SOFT","LIGHTMAP_SHADOW_MIXING","SHADOWS_SHADOWMASK","FOG_LINEAR","FOG_EXP","FOG_EXP2","_NORMALMAP","_ALPHATEST_ON","_ALPHABLEND_ON","_ALPHAPREMULTIPLY_ON","_METALLICGLOSSMAP","_SMOOTHNESS_TEXTURE_ALBEDO_CHANNEL_A","_SPECULARHIGHLIGHTS_OFF","_DETAIL_MULX2","_PARALLAXMAP"],[[["__","FOG_LINEAR","FOG_EXP","FOG_EXP2"],0],[["_","_NORMALMAP"],0],[["_","_ALPHATEST_ON","_ALPHABLEND_ON","_ALPHAPREMULTIPLY_ON"],0],[["_","_METALLICGLOSSMAP"],0],[["_","_SMOOTHNESS_TEXTURE_ALBEDO_CHANNEL_A"],0],[["_","_SPECULARHIGHLIGHTS_OFF"],0],[["_","_DETAIL_MULX2"],0],[["_","_PARALLAXMAP"],0],[["POINT"],0],[["DIRECTIONAL"],0],[["SPOT"],0],[["POINT_COOKIE"],0],[["DIRECTIONAL_COOKIE"],0],[["POINT","SHADOWS_SHADOWMASK"],0],[["DIRECTIONAL","SHADOWS_SHADOWMASK"],0],[["SPOT","SHADOWS_SHADOWMASK"],0],[["POINT_COOKIE","SHADOWS_SHADOWMASK"],0],[["DIRECTIONAL_COOKIE","SHADOWS_SHADOWMASK"],0],[["POINT","SHADOWS_SHADOWMASK","LIGHTMAP_SHADOW_MIXING"],0],[["DIRECTIONAL","SHADOWS_SHADOWMASK","LIGHTMAP_SHADOW_MIXING"],0],[["SPOT","SHADOWS_SHADOWMASK","LIGHTMAP_SHADOW_MIXING"],0],[["POINT_COOKIE","SHADOWS_SHADOWMASK","LIGHTMAP_SHADOW_MIXING"],0],[["DIRECTIONAL_COOKIE","SHADOWS_SHADOWMASK","LIGHTMAP_SHADOW_MIXING"],0],[["SPOT","SHADOWS_DEPTH"],0],[["SPOT","SHADOWS_DEPTH","SHADOWS_SOFT"],0],[["SPOT","SHADOWS_DEPTH","LIGHTMAP_SHADOW_MIXING"],0],[["SPOT","SHADOWS_DEPTH","SHADOWS_SOFT","LIGHTMAP_SHADOW_MIXING"],0],[["SPOT","SHADOWS_DEPTH","SHADOWS_SHADOWMASK"],0],[["SPOT","SHADOWS_DEPTH","SHADOWS_SOFT","SHADOWS_SHADOWMASK"],0],[["SPOT","SHADOWS_DEPTH","SHADOWS_SHADOWMASK","LIGHTMAP_SHADOW_MIXING"],0],[["SPOT","SHADOWS_DEPTH","SHADOWS_SOFT","SHADOWS_SHADOWMASK","LIGHTMAP_SHADOW_MIXING"],0],[["DIRECTIONAL","SHADOWS_SCREEN"],0],[["DIRECTIONAL_COOKIE","SHADOWS_SCREEN"],0],[["DIRECTIONAL","SHADOWS_SCREEN","LIGHTMAP_SHADOW_MIXING"],0],[["DIRECTIONAL_COOKIE","SHADOWS_SCREEN","LIGHTMAP_SHADOW_MIXING"],0],[["DIRECTIONAL","SHADOWS_SCREEN","SHADOWS_SHADOWMASK"],0],[["DIRECTIONAL_COOKIE","SHADOWS_SCREEN","SHADOWS_SHADOWMASK"],0],[["DIRECTIONAL","SHADOWS_SCREEN","SHADOWS_SHADOWMASK","LIGHTMAP_SHADOW_MIXING"],0],[["DIRECTIONAL_COOKIE","SHADOWS_SCREEN","SHADOWS_SHADOWMASK","LIGHTMAP_SHADOW_MIXING"],0],[["POINT","SHADOWS_CUBE"],0],[["POINT","SHADOWS_CUBE","SHADOWS_SOFT"],0],[["POINT","SHADOWS_CUBE","LIGHTMAP_SHADOW_MIXING"],0],[["POINT","SHADOWS_CUBE","SHADOWS_SOFT","LIGHTMAP_SHADOW_MIXING"],0],[["POINT","SHADOWS_CUBE","SHADOWS_SHADOWMASK"],0],[["POINT","SHADOWS_CUBE","SHADOWS_SOFT","SHADOWS_SHADOWMASK"],0],[["POINT","SHADOWS_CUBE","SHADOWS_SHADOWMASK","LIGHTMAP_SHADOW_MIXING"],0],[["POINT","SHADOWS_CUBE","SHADOWS_SOFT","SHADOWS_SHADOWMASK","LIGHTMAP_SHADOW_MIXING"],0],[["POINT_COOKIE","SHADOWS_CUBE"],0],[["POINT_COOKIE","SHADOWS_CUBE","SHADOWS_SOFT"],0],[["POINT_COOKIE","SHADOWS_CUBE","LIGHTMAP_SHADOW_MIXING"],0],[["POINT_COOKIE","SHADOWS_CUBE","SHADOWS_SOFT","LIGHTMAP_SHADOW_MIXING"],0],[["POINT_COOKIE","SHADOWS_CUBE","SHADOWS_SHADOWMASK"],0],[["POINT_COOKIE","SHADOWS_CUBE","SHADOWS_SOFT","SHADOWS_SHADOWMASK"],0],[["POINT_COOKIE","SHADOWS_CUBE","SHADOWS_SHADOWMASK","LIGHTMAP_SHADOW_MIXING"],0],[["POINT_COOKIE","SHADOWS_CUBE","SHADOWS_SOFT","SHADOWS_SHADOWMASK","LIGHTMAP_SHADOW_MIXING"],0]],[[1,0,["POINT"],44,45,0],[1,0,["DIRECTIONAL"],46,47,0],[1,0,["SPOT"],48,49,0],[1,0,["POINT_COOKIE"],44,50,0],[1,0,["DIRECTIONAL_COOKIE"],51,52,0],[1,0,["SHADOWS_DEPTH","SPOT"],48,53,0],[1,0,["DIRECTIONAL","SHADOWS_SCREEN"],54,55,0],[1,0,["DIRECTIONAL_COOKIE","SHADOWS_SCREEN"],56,57,0]],[],0],[2,0,"ShadowCaster",8,0,[4,null],[1,null],[2,null],[[1,null],[0,null],[0,null]],[[1,null],[0,null],[0,null]],[15,null],[0,null],[0,null],[0,null],[255,null],[255,null],[[0,null],[0,null],[0,null],[8,null]],[[0,null],[0,null],[0,null],[8,null]],[[0,null],[0,null],[0,null],[8,null]],[["LIGHTMODE","SHADOWCASTER"],["SHADOWSUPPORT","true"],["RENDERTYPE","Opaque"],["PERFORMANCECHECKS","False"]],["SHADOWS_DEPTH","SHADOWS_CUBE","INSTANCING_ON","_ALPHATEST_ON","_ALPHABLEND_ON","_ALPHAPREMULTIPLY_ON","_METALLICGLOSSMAP","_SMOOTHNESS_TEXTURE_ALBEDO_CHANNEL_A","_PARALLAXMAP"],[[["__","INSTANCING_ON"],0],[["_","_ALPHATEST_ON","_ALPHABLEND_ON","_ALPHAPREMULTIPLY_ON"],0],[["_","_METALLICGLOSSMAP"],0],[["_","_SMOOTHNESS_TEXTURE_ALBEDO_CHANNEL_A"],0],[["_","_PARALLAXMAP"],0],[["SHADOWS_DEPTH"],0],[["SHADOWS_CUBE"],0]],[[2,0,["SHADOWS_DEPTH"],2,3,0]],[],0]],[],[["_Color",0,1,1,1,1,""],["_MainTex",4,0,0,0,0,"white"],["_Cutoff",3,0.5,0,1,0,""],["_Glossiness",3,0.5,0,1,0,""],["_GlossMapScale",3,1,0,1,0,""],["_SmoothnessTextureChannel",2,0,0,0,0,""],["_Metallic",3,0,0,1,0,""],["_MetallicGlossMap",4,0,0,0,0,"white"],["_SpecularHighlights",2,1,0,0,0,""],["_GlossyReflections",2,1,0,0,0,""],["_BumpScale",2,1,0,0,0,""],["_BumpMap",4,0,0,0,0,"bump"],["_Parallax",3,0.0199999995529652,0.00499999988824129,0.0799999982118607,0,""],["_ParallaxMap",4,0,0,0,0,"black"],["_OcclusionStrength",3,1,0,1,0,""],["_OcclusionMap",4,0,0,0,0,"white"],["_EmissionColor",0,0,0,0,1,""],["_EmissionMap",4,0,0,0,0,"white"],["_DetailMask",4,0,0,0,0,"white"],["_DetailAlbedoMap",4,0,0,0,0,"grey"],["_DetailNormalMapScale",2,1,0,0,0,""],["_DetailNormalMap",4,0,0,0,0,"bump"],["_UVSec",2,0,0,0,0,""],["_Mode",2,0,0,0,0,""],["_SrcBlend",2,1,0,0,0,""],["_DstBlend",2,0,0,0,0,""],["_ZWrite",2,1,0,0,0,""]],0,"64",0,0]},{"id":"64","assetBundleId":"-2","data":[[],"Legacy Shaders/VertexLit","0000000000000000f000000000000000",["SPOT","POINT","FOG_LINEAR","FOG_EXP","FOG_EXP2","SHADOWS_DEPTH"],[[0,0,"",1,0,[4,null],[1,null],[2,null],[[1,null],[0,null],[0,null]],[[1,null],[0,null],[0,null]],[15,null],[0,null],[0,null],[0,null],[255,null],[255,null],[[0,null],[0,null],[0,null],[8,null]],[[0,null],[0,null],[0,null],[8,null]],[[0,null],[0,null],[0,null],[8,null]],[["LIGHTMODE","Vertex"],["RENDERTYPE","Opaque"]],["SPOT","POINT","FOG_LINEAR","FOG_EXP","FOG_EXP2"],[[["_","FOG_LINEAR","FOG_EXP","FOG_EXP2"],0],[["_","POINT","SPOT"],0]],[[0,0,[],111,112,0],[0,0,["POINT"],113,112,0],[0,0,["SPOT"],114,112,0]],[],0],[1,0,"",2,0,[4,null],[1,null],[2,null],[[1,null],[0,null],[0,null]],[[1,null],[0,null],[0,null]],[15,null],[0,null],[0,null],[0,null],[255,null],[255,null],[[0,null],[0,null],[0,null],[8,null]],[[0,null],[0,null],[0,null],[8,null]],[[0,null],[0,null],[0,null],[8,null]],[["LIGHTMODE","VertexLM"],["RENDERTYPE","Opaque"]],["FOG_LINEAR","FOG_EXP","FOG_EXP2"],[[["__","FOG_LINEAR","FOG_EXP","FOG_EXP2"],0]],[[1,0,[],115,116,0]],[],0],[2,0,"ShadowCaster",8,0,[4,null],[1,null],[2,null],[[1,null],[0,null],[0,null]],[[1,null],[0,null],[0,null]],[15,null],[0,null],[0,null],[0,null],[255,null],[255,null],[[0,null],[0,null],[0,null],[8,null]],[[0,null],[0,null],[0,null],[8,null]],[[0,null],[0,null],[0,null],[8,null]],[["LIGHTMODE","SHADOWCASTER"],["SHADOWSUPPORT","true"],["RENDERTYPE","Opaque"]],["SHADOWS_DEPTH","SHADOWS_CUBE","INSTANCING_ON"],[[["__","INSTANCING_ON"],0],[["SHADOWS_DEPTH"],0],[["SHADOWS_CUBE"],0]],[[2,0,["SHADOWS_DEPTH"],2,3,0]],[],0]],[],[["_Color",0,1,1,1,1,""],["_SpecColor",0,1,1,1,1,""],["_Emission",0,0,0,0,0,""],["_Shininess",3,0.699999988079071,0.00999999977648258,1,0,""],["_MainTex",4,0,0,0,0,"white"]],null,null,0,0]}],"sprites":[{"id":"680","path":"Resources/unity_builtin_extra\\Knob","assetBundleId":"-2","data":["Knob",1,"678",[0,0,0,0.1,0.1,0],[0.1,0.05,0,0.8125,0.65625,0.095,-0.1,0,0.796875,0.1875,0.1,-0.085,0,0.8125,0.234375,0.085,0.1,0,0.765625,0.8125,-0.05,0.1,0,0.34375,0.8125,-0.08,-0.1,0,0.25,0.1875,-0.095,0.07,0,0.203125,0.71875,-0.1,0.03,0,0.1875,0.59375,-0.1,-0.055,0,0.1875,0.328125],[8,7,5,6,5,7,4,5,6,1,5,4,3,1,4,0,1,3,2,1,0],0.187082022428513,0.187082022428513,0.812082052230835,0.812082052230835,0.1875,0.1875,0.8125,0.8125,0,0,0,0,[0.1875,0.1875,-0.1875,-0.1875],[-0.1,-0.1,0.1,0.1],200,64,64,40,40,20,20,0.0267505645751953,0.0267505645751953]}],"textures":[{"id":"656","type":0,"path":"Resources/unity_builtin_extra\\Default-ParticleSystem","assetBundleId":"-2","data":["Default-ParticleSystem",64,64,7,1,1,0,4,1,0,1]},{"id":"678","type":0,"path":"Resources/unity_builtin_extra\\Knob","assetBundleId":"-2","data":["Knob",64,64,7,16,1,0,4,1,1,1]}],"resources":[{"id":"resources","assetBundleId":"-2","data":[[["unity_builtin_extra",0,"8"],["unity_builtin_extra",0,"30"],["unity_builtin_extra",0,"60"],["unity_builtin_extra",5,"648"],["unity_builtin_extra",0,"278"],["unity_builtin_extra",0,"170"],["unity_builtin_extra",1,"656"],["unity_builtin_extra",5,"658"],["unity_builtin_extra",0,"266"],["unity_builtin_extra",1,"678"],["unity_builtin_extra",28,"680"],["dotweensettings",39,"20494"],["dotweensettings",39,"18898"]],[]]}],"project-settings":[{"id":"-1","assetBundleId":"-2","data":[[["EventSystem",-1000],["TextContainer",-110],["TextMeshProUGUI",-100],["TextMeshPro",-105]],[[0,"Default",0]],[[0,"Default"],[1,"TransparentFX"],[2,"Ignore Raycast"],[4,"Water"],[5,"UI"],[8,"Ground"],[9,"Hostage"],[10,"Enemy"],[11,"Hideout"],[12,"Bound"],[13,"Building"],[14,"Ragdoll"],[15,"Bullet"],[16,"HP"],[17,"Part"],[18,"ThrownObj"],[19,"Brick"],[20,"Core"],[21,"Armor"],[22,"Sky"],[23,"Apartement"],[24,"HostageRagdoll"]],[0.0199999995529652,0.333333343267441,1,0.0299999993294477],[0,-9.8100004196167,0,6,2,0,1,[[0,0,0],[0,0,1],[0,0,2],[0,0,4],[0,0,5],[0,0,8],[0,0,9],[0,0,10],[0,0,11],[0,0,12],[0,0,13],[0,0,14],[0,0,15],[0,0,16],[0,0,17],[0,0,18],[0,0,19],[0,0,20],[0,0,21],[0,0,22],[0,0,23],[0,0,24],[0,1,0],[0,1,1],[0,1,2],[0,1,4],[0,1,5],[0,1,8],[0,1,9],[0,1,10],[0,1,11],[0,1,12],[0,1,13],[0,1,14],[0,1,15],[0,1,16],[0,1,17],[0,1,18],[0,1,19],[0,1,20],[0,1,21],[0,1,22],[0,1,23],[0,1,24],[0,2,0],[0,2,1],[0,2,2],[0,2,4],[0,2,5],[0,2,8],[0,2,9],[0,2,10],[0,2,11],[0,2,12],[0,2,13],[0,2,14],[0,2,15],[0,2,16],[0,2,17],[0,2,18],[0,2,19],[0,2,20],[0,2,21],[0,2,22],[0,2,23],[0,2,24],[0,4,0],[0,4,1],[0,4,2],[0,4,4],[0,4,5],[0,4,8],[0,4,9],[0,4,10],[0,4,11],[0,4,12],[0,4,13],[0,4,14],[0,4,15],[0,4,16],[0,4,17],[0,4,18],[0,4,19],[0,4,20],[0,4,21],[0,4,22],[0,4,23],[0,4,24],[0,5,0],[0,5,1],[0,5,2],[0,5,4],[0,5,5],[0,5,8],[0,5,9],[0,5,10],[0,5,11],[0,5,12],[0,5,13],[0,5,14],[0,5,15],[0,5,16],[0,5,17],[0,5,18],[0,5,19],[0,5,20],[0,5,21],[0,5,22],[0,5,23],[0,5,24],[0,8,0],[0,8,1],[0,8,2],[0,8,4],[0,8,5],[0,8,8],[0,8,9],[0,8,10],[0,8,11],[0,8,12],[0,8,13],[0,8,14],[0,8,15],[0,8,16],[0,8,17],[0,8,18],[0,8,19],[0,8,20],[0,8,21],[0,8,22],[0,8,23],[0,8,24],[0,9,0],[0,9,1],[0,9,2],[0,9,4],[0,9,5],[0,9,8],[0,9,9],[0,9,10],[0,9,11],[0,9,12],[0,9,13],[0,9,14],[0,9,15],[0,9,16],[0,9,17],[0,9,18],[0,9,19],[0,9,20],[0,9,21],[0,9,22],[0,9,23],[0,9,24],[0,10,0],[0,10,1],[0,10,2],[0,10,4],[0,10,5],[0,10,8],[0,10,9],[0,10,10],[0,10,11],[0,10,12],[0,10,13],[0,10,14],[0,10,15],[0,10,16],[0,10,17],[0,10,18],[0,10,19],[0,10,20],[0,10,21],[0,10,22],[0,10,23],[0,10,24],[0,11,0],[0,11,1],[0,11,2],[0,11,4],[0,11,5],[0,11,8],[0,11,9],[0,11,10],[0,11,11],[0,11,12],[0,11,13],[0,11,14],[0,11,15],[0,11,16],[0,11,17],[0,11,18],[0,11,19],[0,11,20],[0,11,21],[0,11,22],[0,11,23],[0,11,24],[0,12,0],[0,12,1],[0,12,2],[0,12,4],[0,12,5],[0,12,8],[0,12,9],[0,12,10],[0,12,11],[0,12,12],[0,12,13],[0,12,14],[0,12,15],[0,12,16],[0,12,17],[0,12,18],[0,12,19],[0,12,20],[0,12,21],[0,12,22],[0,12,23],[0,12,24],[0,13,0],[0,13,1],[0,13,2],[0,13,4],[0,13,5],[0,13,8],[0,13,9],[0,13,10],[0,13,11],[0,13,12],[0,13,13],[0,13,14],[0,13,15],[0,13,16],[0,13,17],[0,13,18],[0,13,19],[0,13,20],[0,13,21],[0,13,22],[0,13,23],[0,13,24],[0,14,0],[0,14,1],[0,14,2],[0,14,4],[0,14,5],[0,14,8],[0,14,9],[0,14,10],[0,14,11],[0,14,12],[0,14,13],[0,14,14],[0,14,15],[0,14,16],[0,14,17],[0,14,18],[0,14,19],[0,14,20],[0,14,21],[0,14,22],[0,14,23],[0,14,24],[0,15,0],[0,15,1],[0,15,2],[0,15,4],[0,15,5],[0,15,8],[0,15,9],[0,15,10],[0,15,11],[0,15,12],[0,15,13],[0,15,14],[0,15,15],[0,15,16],[0,15,17],[0,15,18],[0,15,19],[0,15,20],[0,15,21],[0,15,22],[0,15,23],[0,15,24],[0,16,0],[0,16,1],[0,16,2],[0,16,4],[0,16,5],[0,16,8],[0,16,9],[0,16,10],[0,16,11],[0,16,12],[0,16,13],[0,16,14],[0,16,15],[0,16,16],[0,16,17],[0,16,18],[0,16,19],[0,16,20],[0,16,21],[0,16,22],[0,16,23],[0,16,24],[0,17,0],[0,17,1],[0,17,2],[0,17,4],[0,17,5],[0,17,8],[0,17,9],[0,17,10],[0,17,11],[0,17,12],[0,17,13],[0,17,14],[0,17,15],[0,17,16],[0,17,17],[0,17,18],[0,17,19],[0,17,20],[0,17,21],[0,17,22],[0,17,23],[0,17,24],[0,18,0],[0,18,1],[0,18,2],[0,18,4],[0,18,5],[0,18,8],[0,18,9],[0,18,10],[0,18,11],[0,18,12],[0,18,13],[0,18,14],[0,18,15],[0,18,16],[0,18,17],[0,18,18],[0,18,19],[0,18,20],[0,18,21],[0,18,22],[0,18,23],[0,18,24],[0,19,0],[0,19,1],[0,19,2],[0,19,4],[0,19,5],[0,19,8],[0,19,9],[0,19,10],[0,19,11],[0,19,12],[0,19,13],[0,19,14],[0,19,15],[0,19,16],[0,19,17],[0,19,18],[0,19,19],[0,19,20],[0,19,21],[0,19,22],[0,19,23],[0,19,24],[0,20,0],[0,20,1],[0,20,2],[0,20,4],[0,20,5],[0,20,8],[0,20,9],[0,20,10],[0,20,11],[0,20,12],[0,20,13],[0,20,14],[0,20,15],[0,20,16],[0,20,17],[0,20,18],[0,20,19],[0,20,20],[0,20,21],[0,20,22],[0,20,23],[0,20,24],[0,21,0],[0,21,1],[0,21,2],[0,21,4],[0,21,5],[0,21,8],[0,21,9],[0,21,10],[0,21,11],[0,21,12],[0,21,13],[0,21,14],[0,21,15],[0,21,16],[0,21,17],[0,21,18],[0,21,19],[0,21,20],[0,21,21],[0,21,22],[0,21,23],[0,21,24],[0,22,0],[0,22,1],[0,22,2],[0,22,4],[0,22,5],[0,22,8],[0,22,9],[0,22,10],[0,22,11],[0,22,12],[0,22,13],[0,22,14],[0,22,15],[0,22,16],[0,22,17],[0,22,18],[0,22,19],[0,22,20],[0,22,21],[0,22,22],[0,22,23],[0,22,24],[0,23,0],[0,23,1],[0,23,2],[0,23,4],[0,23,5],[0,23,8],[0,23,9],[0,23,10],[0,23,11],[0,23,12],[0,23,13],[0,23,14],[0,23,15],[0,23,16],[0,23,17],[0,23,18],[0,23,19],[0,23,20],[0,23,21],[0,23,22],[0,23,23],[0,23,24],[0,24,0],[0,24,1],[0,24,2],[0,24,4],[0,24,5],[0,24,8],[0,24,9],[0,24,10],[0,24,11],[0,24,12],[0,24,13],[0,24,14],[0,24,15],[0,24,16],[0,24,17],[0,24,18],[0,24,19],[0,24,20],[0,24,21],[0,24,22],[0,24,23],[0,24,24]]],[null,null,0,-9.8100004196167,3,8,1,0.200000002980232,8,0,0,0.5,0.00999999977648258,2,0.00999999977648258,1,1,1,1,1,0,[[0,0,0],[0,0,1],[0,0,2],[0,0,4],[0,0,5],[0,0,8],[0,0,9],[0,0,10],[0,0,11],[0,0,12],[0,0,13],[0,0,14],[0,0,15],[0,0,16],[0,0,17],[0,0,18],[0,0,19],[0,0,20],[0,0,21],[0,0,22],[0,0,23],[0,0,24],[0,1,0],[0,1,1],[0,1,2],[0,1,4],[0,1,5],[0,1,8],[0,1,9],[0,1,10],[0,1,11],[0,1,12],[0,1,13],[0,1,14],[0,1,15],[0,1,16],[0,1,17],[0,1,18],[0,1,19],[0,1,20],[0,1,21],[0,1,22],[0,1,23],[0,1,24],[0,2,0],[0,2,1],[0,2,2],[0,2,4],[0,2,5],[0,2,8],[0,2,9],[0,2,10],[0,2,11],[0,2,12],[0,2,13],[0,2,14],[0,2,15],[0,2,16],[0,2,17],[0,2,18],[0,2,19],[0,2,20],[0,2,21],[0,2,22],[0,2,23],[0,2,24],[0,4,0],[0,4,1],[0,4,2],[0,4,4],[0,4,5],[0,4,8],[0,4,9],[0,4,10],[0,4,11],[0,4,12],[0,4,13],[0,4,14],[0,4,15],[0,4,16],[0,4,17],[0,4,18],[0,4,19],[0,4,20],[0,4,21],[0,4,22],[0,4,23],[0,4,24],[0,5,0],[0,5,1],[0,5,2],[0,5,4],[0,5,5],[0,5,8],[0,5,9],[0,5,10],[0,5,11],[0,5,12],[0,5,13],[0,5,14],[0,5,15],[0,5,16],[0,5,17],[0,5,18],[0,5,19],[0,5,20],[0,5,21],[0,5,22],[0,5,23],[0,5,24],[0,8,0],[0,8,1],[0,8,2],[0,8,4],[0,8,5],[0,8,8],[0,8,9],[0,8,10],[0,8,11],[0,8,12],[0,8,13],[0,8,14],[0,8,15],[0,8,16],[0,8,17],[0,8,18],[0,8,19],[0,8,20],[0,8,21],[0,8,22],[0,8,23],[0,8,24],[0,9,0],[0,9,1],[0,9,2],[0,9,4],[0,9,5],[0,9,8],[0,9,9],[0,9,10],[0,9,11],[0,9,12],[0,9,13],[0,9,14],[0,9,15],[0,9,16],[0,9,17],[0,9,18],[0,9,19],[0,9,20],[0,9,21],[0,9,22],[0,9,23],[0,9,24],[0,10,0],[0,10,1],[0,10,2],[0,10,4],[0,10,5],[0,10,8],[0,10,9],[0,10,10],[0,10,11],[0,10,12],[0,10,13],[0,10,14],[0,10,15],[0,10,16],[0,10,17],[0,10,18],[0,10,19],[0,10,20],[0,10,21],[0,10,22],[0,10,23],[0,10,24],[0,11,0],[0,11,1],[0,11,2],[0,11,4],[0,11,5],[0,11,8],[0,11,9],[0,11,10],[0,11,11],[0,11,12],[0,11,13],[0,11,14],[0,11,15],[0,11,16],[0,11,17],[0,11,18],[0,11,19],[0,11,20],[0,11,21],[0,11,22],[0,11,23],[0,11,24],[0,12,0],[0,12,1],[0,12,2],[0,12,4],[0,12,5],[0,12,8],[0,12,9],[0,12,10],[0,12,11],[0,12,12],[0,12,13],[0,12,14],[0,12,15],[0,12,16],[0,12,17],[0,12,18],[0,12,19],[0,12,20],[0,12,21],[0,12,22],[0,12,23],[0,12,24],[0,13,0],[0,13,1],[0,13,2],[0,13,4],[0,13,5],[0,13,8],[0,13,9],[0,13,10],[0,13,11],[0,13,12],[0,13,13],[0,13,14],[0,13,15],[0,13,16],[0,13,17],[0,13,18],[0,13,19],[0,13,20],[0,13,21],[0,13,22],[0,13,23],[0,13,24],[0,14,0],[0,14,1],[0,14,2],[0,14,4],[0,14,5],[0,14,8],[0,14,9],[0,14,10],[0,14,11],[0,14,12],[0,14,13],[0,14,14],[0,14,15],[0,14,16],[0,14,17],[0,14,18],[0,14,19],[0,14,20],[0,14,21],[0,14,22],[0,14,23],[0,14,24],[0,15,0],[0,15,1],[0,15,2],[0,15,4],[0,15,5],[0,15,8],[0,15,9],[0,15,10],[0,15,11],[0,15,12],[0,15,13],[0,15,14],[0,15,15],[0,15,16],[0,15,17],[0,15,18],[0,15,19],[0,15,20],[0,15,21],[0,15,22],[0,15,23],[0,15,24],[0,16,0],[0,16,1],[0,16,2],[0,16,4],[0,16,5],[0,16,8],[0,16,9],[0,16,10],[0,16,11],[0,16,12],[0,16,13],[0,16,14],[0,16,15],[0,16,16],[0,16,17],[0,16,18],[0,16,19],[0,16,20],[0,16,21],[0,16,22],[0,16,23],[0,16,24],[0,17,0],[0,17,1],[0,17,2],[0,17,4],[0,17,5],[0,17,8],[0,17,9],[0,17,10],[0,17,11],[0,17,12],[0,17,13],[0,17,14],[0,17,15],[0,17,16],[0,17,17],[0,17,18],[0,17,19],[0,17,20],[0,17,21],[0,17,22],[0,17,23],[0,17,24],[0,18,0],[0,18,1],[0,18,2],[0,18,4],[0,18,5],[0,18,8],[0,18,9],[0,18,10],[0,18,11],[0,18,12],[0,18,13],[0,18,14],[0,18,15],[0,18,16],[0,18,17],[0,18,18],[0,18,19],[0,18,20],[0,18,21],[0,18,22],[0,18,23],[0,18,24],[0,19,0],[0,19,1],[0,19,2],[0,19,4],[0,19,5],[0,19,8],[0,19,9],[0,19,10],[0,19,11],[0,19,12],[0,19,13],[0,19,14],[0,19,15],[0,19,16],[0,19,17],[0,19,18],[0,19,19],[0,19,20],[0,19,21],[0,19,22],[0,19,23],[0,19,24],[0,20,0],[0,20,1],[0,20,2],[0,20,4],[0,20,5],[0,20,8],[0,20,9],[0,20,10],[0,20,11],[0,20,12],[0,20,13],[0,20,14],[0,20,15],[0,20,16],[0,20,17],[0,20,18],[0,20,19],[0,20,20],[0,20,21],[0,20,22],[0,20,23],[0,20,24],[0,21,0],[0,21,1],[0,21,2],[0,21,4],[0,21,5],[0,21,8],[0,21,9],[0,21,10],[0,21,11],[0,21,12],[0,21,13],[0,21,14],[0,21,15],[0,21,16],[0,21,17],[0,21,18],[0,21,19],[0,21,20],[0,21,21],[0,21,22],[0,21,23],[0,21,24],[0,22,0],[0,22,1],[0,22,2],[0,22,4],[0,22,5],[0,22,8],[0,22,9],[0,22,10],[0,22,11],[0,22,12],[0,22,13],[0,22,14],[0,22,15],[0,22,16],[0,22,17],[0,22,18],[0,22,19],[0,22,20],[0,22,21],[0,22,22],[0,22,23],[0,22,24],[0,23,0],[0,23,1],[0,23,2],[0,23,4],[0,23,5],[0,23,8],[0,23,9],[0,23,10],[0,23,11],[0,23,12],[0,23,13],[0,23,14],[0,23,15],[0,23,16],[0,23,17],[0,23,18],[0,23,19],[0,23,20],[0,23,21],[0,23,22],[0,23,23],[0,23,24],[0,24,0],[0,24,1],[0,24,2],[0,24,4],[0,24,5],[0,24,8],[0,24,9],[0,24,10],[0,24,11],[0,24,12],[0,24,13],[0,24,14],[0,24,15],[0,24,16],[0,24,17],[0,24,18],[0,24,19],[0,24,20],[0,24,21],[0,24,22],[0,24,23],[0,24,24]]],[[[[],["Very Low","Low","Medium","High","Very High","Ultra"],0,0,0,0.300000011920929,1,15,0,1,0,0,0,0,0,1,2,4,0,0,0.333333343267441,0.0666666701436043,0.200000002980232,0.466666668653488,0,0,16,2,0,3,512,0,1,2,512,1,1024,0],[[],["Very Low","Low","Medium","High","Very High","Ultra"],0,0,0,0.400000005960464,1,20,0,1,0,0,0,0,0,0,2,16,0,0,0.333333343267441,0.0666666701436043,0.200000002980232,0.466666668653488,0,0,16,2,0,3,512,0,1,2,512,1,1024,1],[[],["Very Low","Low","Medium","High","Very High","Ultra"],1,1,0,0.699999988079071,1,20,0,1,0,0,0,0,0,0,2,64,1,0,0.333333343267441,0.0666666701436043,0.200000002980232,0.466666668653488,0,1,16,2,0,3,512,0,1,2,512,1,1024,2],[[],["Very Low","Low","Medium","High","Very High","Ultra"],2,1,0,1,2,40,1,1,1,0,1,0,0,0,2,256,2,1,0.333333343267441,0.0666666701436043,0.200000002980232,0.466666668653488,0,1,16,2,1,3,512,0,1,2,512,1,1024,3],[[],["Very Low","Low","Medium","High","Very High","Ultra"],2,2,2,1.5,2,70,1,1,2,1,1,0,0,0,2,1024,3,1,0.333333343267441,0.0666666701436043,0.200000002980232,0.466666668653488,0,1,16,2,1,3,512,0,1,2,512,1,1024,4],[[],["Very Low","Low","Medium","High","Very High","Ultra"],2,2,2,2,4,150,1,1,2,1,1,0,0,0,2,4096,4,1,0.333333343267441,0.0666666701436043,0.200000002980232,0.466666668653488,0,1,16,2,1,3,512,0,1,2,512,1,1024,5]],["Very Low","Low","Medium","High","Very High","Ultra"],2,2,2,2,4,150,1,1,2,1,1,0,0,0,2,4096,4,1,0.333333343267441,0.0666666701436043,0.200000002980232,0.466666668653488,0,1,16,2,1,3,512,0,1,2,512,1,1024,5],0,1,0,2,0]}]}